employee_code,salary_2021
0EWwT,15085.37509
UZQso,31207.27027
A1xvL,45548.54866
4iWko,9055.981969
buAWp,17898.89813
PXjwE,48511.43537
xc4aS,32299.75578
8z8ZJ,27300.12644
TAi7r,15086.9007
jkBq3,26349.32709
bHlDL,41813.90275
LD51P,42300.10241
kH31E,41482.90694
smBlY,42742.049
ZC8tu,23090.60693
43vVt,44651.65171
ZO3wA,33470.69846
xeYIU,37314.25493