employee_code,salary_2022
0EWwT,32577.0264
UZQso,43795.84109
A1xvL,5813.051205
4iWko,11106.76519
buAWp,31550.59322
PXjwE,25062.98634
xc4aS,33089.39527
8z8ZJ,45482.43081
TAi7r,29463.34504
jkBq3,43442.04087
bHlDL,27909.14183
LD51P,32382.19687
kH31E,42748.00837
smBlY,31671.982
ZC8tu,19380.88654
43vVt,49603.19271
ZO3wA,12329.59227
xeYIU,45213.06201